<?xml version="1.0" encoding="UTF-8"?>
<metadata xml:lang="en"><Esri><CreaDate>20191006</CreaDate><CreaTime>09521400</CreaTime><ArcGISFormat>1.0</ArcGISFormat><SyncOnce>TRUE</SyncOnce><DataProperties><itemProps><itemLocation><linkage Sync="TRUE">file://\\liberty\amollalo\GIS_lab\Lab5\Counties_OH</linkage><protocol Sync="TRUE">Local Area Network</protocol></itemLocation></itemProps><copyHistory><copy source="H:\GIS_lab\lab3\lab3_data\Counties_OH" dest="\\liberty\amollalo\GIS_lab\Lab5\Counties_OH" date="20191003" time="20261400"></copy></copyHistory></DataProperties></Esri></metadata>
