<?xml version="1.0" encoding="UTF-8"?>
<metadata xml:lang="en"><Esri><CreaDate>20191006</CreaDate><CreaTime>09495400</CreaTime><ArcGISFormat>1.0</ArcGISFormat><SyncOnce>TRUE</SyncOnce><DataProperties><lineage><Process ToolSource="c:\program files (x86)\arcgis\desktop10.7\ArcToolbox\Toolboxes\Data Management Tools.tbx\CalculateField" Date="20191003" Time="191939">CalculateField PR_hospi Risk High VB #</Process></lineage><itemProps><itemLocation><linkage Sync="TRUE">file://\\liberty\amollalo\GIS_lab\Lab5\Hospitals_OH</linkage><protocol Sync="TRUE">Local Area Network</protocol></itemLocation></itemProps><copyHistory><copy source="C:\Users\amollalo\Desktop\test2\Hospitals_OH" dest="\\liberty\amollalo\GIS_lab\Lab5\Hospitals_OH" date="20191006" time="09495400"></copy></copyHistory></DataProperties></Esri></metadata>
