<?xml version="1.0" encoding="UTF-8"?>
<metadata xml:lang="en"><Esri><CreaDate>20191006</CreaDate><CreaTime>09502000</CreaTime><ArcGISFormat>1.0</ArcGISFormat><SyncOnce>TRUE</SyncOnce><DataProperties><itemProps><itemLocation><linkage Sync="TRUE">file://\\liberty\amollalo\GIS_lab\Lab5\SolidWaste_OH</linkage><protocol Sync="TRUE">Local Area Network</protocol></itemLocation></itemProps><copyHistory><copy source="C:\Users\amollalo\Desktop\test2\SolidWaste_OH" dest="\\liberty\amollalo\GIS_lab\Lab5\SolidWaste_OH" date="20191006" time="09502000"></copy></copyHistory></DataProperties></Esri></metadata>
