<?xml version="1.0" encoding="UTF-8"?>
<metadata xml:lang="en"><Esri><CreaDate>20220702</CreaDate><CreaTime>20424700</CreaTime><ArcGISFormat>1.0</ArcGISFormat><SyncOnce>TRUE</SyncOnce><DataProperties><lineage><Process ToolSource="c:\program files (x86)\arcgis\desktop10.8\ArcToolbox\Toolboxes\Spatial Analyst Tools.tbx\Slope" Date="20220520" Time="223648">Slope dem H:\GIS\Raster_Suitablity\slope DEGREE 1 PLANAR METER</Process></lineage><itemProps><itemLocation><linkage Sync="TRUE">file://\\VM-LABDESK19\C$\Users\amollalo\Downloads\Flood_mapping\slope</linkage><protocol Sync="TRUE">Local Area Network</protocol></itemLocation></itemProps><copyHistory><copy source="H:\GIS\Flood_mapping\slope" dest="\\VM-LABDESK19\C$\Users\amollalo\Downloads\Flood_mapping\slope" date="20220702" time="20424700"></copy></copyHistory></DataProperties></Esri></metadata>
