<?xml version="1.0" encoding="UTF-8"?>
<metadata xml:lang="en"><Esri><CreaDate>20220618</CreaDate><CreaTime>21161000</CreaTime><ArcGISFormat>1.0</ArcGISFormat><SyncOnce>TRUE</SyncOnce><DataProperties><itemProps><itemLocation><linkage Sync="TRUE">file://\\liberty\amollalo\GIS\Network1\Union_county</linkage><protocol Sync="TRUE">Local Area Network</protocol></itemLocation></itemProps><copyHistory><copy source="H:\GIS\Network2\Union_county" dest="\\liberty\amollalo\GIS\Network1\Union_county" date="20220702" time="21035700"></copy></copyHistory><lineage><Process ToolSource="c:\program files\arcgis\pro\Resources\ArcToolbox\Toolboxes\Data Management Tools.tbx\Rename" Date="20241209" Time="104034">Rename C:\Users\amoll\OneDrive\Desktop\GIS_labs\10_NetworkAnalysis_Part1\Network1\Union_county.shp C:\Users\amoll\OneDrive\Desktop\GIS_labs\10_NetworkAnalysis_Part1\Network1\County.shp ShapeFile</Process></lineage></DataProperties></Esri></metadata>
