<?xml version="1.0" encoding="UTF-8"?>
<metadata xml:lang="en"><Esri><CreaDate>20220618</CreaDate><CreaTime>16175400</CreaTime><ArcGISFormat>1.0</ArcGISFormat><SyncOnce>TRUE</SyncOnce><DataProperties><lineage><Process ToolSource="c:\program files (x86)\arcgis\desktop10.8\ArcToolbox\Toolboxes\Data Management Tools.tbx\CalculateField" Date="20220618" Time="161754">CalculateField Trans_Roads Minutes "[Length_mi] / [SPEED]" VB #</Process><Process ToolSource="c:\program files (x86)\arcgis\desktop10.8\ArcToolbox\Toolboxes\Data Management Tools.tbx\CalculateField" Date="20220618" Time="161812">CalculateField Trans_Roads Minutes "([Length_mi] / [SPEED]) *60" VB #</Process><Process ToolSource="c:\program files (x86)\arcgis\desktop10.8\ArcToolbox\Toolboxes\Data Management Tools.tbx\CalculateField" Date="20220619" Time="133854">CalculateField Trans_Roads Minutes "([Length_mi] / [SPEED]) *60" VB #</Process></lineage><itemProps><itemLocation><linkage Sync="TRUE">file://\\liberty\amollalo\GIS\Network1\Trans_Roads</linkage><protocol Sync="TRUE">Local Area Network</protocol></itemLocation></itemProps><copyHistory><copy source="H:\GIS\Network1\Trans_Roads\Trans_Roads" dest="\\liberty\amollalo\GIS\Network1\Trans_Roads" date="20220619" time="12094700"></copy></copyHistory></DataProperties></Esri></metadata>
