<?xml version="1.0" encoding="UTF-8"?>
<metadata xml:lang="en"><Esri><CreaDate>20220702</CreaDate><CreaTime>20423500</CreaTime><ArcGISFormat>1.0</ArcGISFormat><SyncOnce>TRUE</SyncOnce><DataProperties><lineage><Process ToolSource="c:\program files (x86)\arcgis\desktop10.8\ArcToolbox\Toolboxes\Spatial Analyst Tools.tbx\Reclassify" Date="20220518" Time="123823">Reclassify landcover VALUE "11 11;21 21;22 22;23 23;24 24;31 31;41 41;42 42;43 43;52 52;71 71;81 81;82 82;90 90;95 95" H:\GIS\Raster_Suitability\Landcover_CLE NODATA</Process></lineage><itemProps><itemLocation><linkage Sync="TRUE">file://\\VM-LABDESK19\C$\Users\amollalo\Downloads\Flood_mapping\landcover</linkage><protocol Sync="TRUE">Local Area Network</protocol></itemLocation></itemProps><copyHistory><copy source="H:\GIS\Flood_mapping\landcover" dest="\\VM-LABDESK19\C$\Users\amollalo\Downloads\Flood_mapping\landcover" date="20220702" time="20423500"></copy></copyHistory></DataProperties></Esri></metadata>
