<?xml version="1.0" encoding="UTF-8"?>
<metadata xml:lang="en"><Esri><CreaDate>20220702</CreaDate><CreaTime>21575200</CreaTime><ArcGISFormat>1.0</ArcGISFormat><SyncOnce>TRUE</SyncOnce><DataProperties><itemProps><itemLocation><linkage Sync="TRUE">file://\\VM-LABDESK19\C$\Users\amollalo\Downloads\AOI</linkage><protocol Sync="TRUE">Local Area Network</protocol></itemLocation></itemProps><copyHistory><copy source="Q:\GIS\Advanced\Utah\AOI" dest="\\VM-LABDESK19\C$\Users\amollalo\Downloads\AOI" date="20220702" time="21575200"></copy></copyHistory></DataProperties></Esri></metadata>
