<?xml version="1.0" encoding="UTF-8"?>
<metadata xml:lang="en"><Esri><CreaDate>20220618</CreaDate><CreaTime>21161000</CreaTime><ArcGISFormat>1.0</ArcGISFormat><SyncOnce>TRUE</SyncOnce><DataProperties><itemProps><itemLocation><linkage Sync="TRUE">file://\\liberty\amollalo\GIS\Network1\Union_county</linkage><protocol Sync="TRUE">Local Area Network</protocol></itemLocation></itemProps><copyHistory><copy source="H:\GIS\Network2\Union_county" dest="\\liberty\amollalo\GIS\Network1\Union_county" date="20220702" time="21035700"></copy></copyHistory></DataProperties></Esri></metadata>
