<?xml version="1.0" encoding="UTF-8"?>
<metadata xml:lang="en"><Esri><CreaDate>20220622</CreaDate><CreaTime>19204600</CreaTime><ArcGISFormat>1.0</ArcGISFormat><SyncOnce>TRUE</SyncOnce><DataProperties><itemProps><itemLocation><linkage Sync="TRUE">file://\\liberty\amollalo\GIS\Remote_Sensing\Arkansas</linkage><protocol Sync="TRUE">Local Area Network</protocol></itemLocation></itemProps><copyHistory><copy source="H:\GIS_lab\lab4\Lab4_data\Lab4_data\Arkansas" dest="\\liberty\amollalo\GIS\Remote_Sensing\Arkansas" date="20220622" time="19204600"></copy></copyHistory><lineage><Process ToolSource="c:\program files (x86)\arcgis\desktop10.7\ArcToolbox\Toolboxes\Data Management Tools.tbx\CalculateField" Date="20190904" Time="180955">CalculateField Continental_US Prv_Leukem "([Count] / [Population]) * 100000" VB #</Process></lineage></DataProperties></Esri></metadata>
