<?xml version="1.0" encoding="UTF-8"?>
<metadata xml:lang="en"><Esri><CreaDate>20190907</CreaDate><CreaTime>19404200</CreaTime><ArcGISFormat>1.0</ArcGISFormat><SyncOnce>TRUE</SyncOnce><DataProperties><itemProps><itemLocation><linkage Sync="TRUE">file://\\liberty\amollalo\GIS_lab\lab3\Counties_OH</linkage><protocol Sync="TRUE">Local Area Network</protocol></itemLocation></itemProps><copyHistory><copy source="H:\GIS_lab\lab22\Lab2_data\Counties_OH\Counties_OH" dest="\\liberty\amollalo\GIS_lab\lab3\Counties_OH" date="20190907" time="19404200"></copy></copyHistory></DataProperties></Esri></metadata>
