<?xml version="1.0" encoding="UTF-8"?>
<metadata xml:lang="en"><Esri><CreaDate>20190907</CreaDate><CreaTime>19402800</CreaTime><ArcGISFormat>1.0</ArcGISFormat><SyncOnce>TRUE</SyncOnce><DataProperties><itemProps><itemLocation><linkage Sync="TRUE">file://\\liberty\amollalo\GIS_lab\lab3\TRI.csv</linkage><protocol Sync="TRUE">Local Area Network</protocol></itemLocation></itemProps><copyHistory><copy source="C:\Users\amollalo\Desktop\TRI.csv" dest="\\liberty\amollalo\GIS_lab\lab3\TRI.csv" date="20190907" time="19402800"></copy></copyHistory></DataProperties></Esri></metadata>
