<?xml version="1.0" encoding="UTF-8"?>
<metadata xml:lang="en"><Esri><CreaDate>20190921</CreaDate><CreaTime>15305400</CreaTime><ArcGISFormat>1.0</ArcGISFormat><SyncOnce>TRUE</SyncOnce><DataProperties><itemProps><itemLocation><linkage Sync="TRUE">file://\\liberty\amollalo\GIS_lab\lab2\Data\Lab2_data\Lab2_data</linkage><protocol Sync="TRUE">Local Area Network</protocol></itemLocation></itemProps><copyHistory><copy source="H:\GIS_lab\lab2\Lab2_data" dest="\\liberty\amollalo\GIS_lab\lab2\Data\Lab2_data\Lab2_data" date="20190904" time="17241800"></copy></copyHistory><lineage><Process ToolSource="c:\program files (x86)\arcgis\desktop10.7\ArcToolbox\Toolboxes\Data Management Tools.tbx\CalculateField" Date="20190904" Time="180955">CalculateField Continental_US Prv_Leukem "([Count] / [Population]) * 100000" VB #</Process></lineage></DataProperties></Esri></metadata>
